Username,Timestamp,Comment
Polymarket,2026-08-26T13:32:07.000Z,"BREAKING: Meta agrees to pay $16,700,000,000.00 to U.S. states to settle claims Facebook & Instagram harmed children."
Vitaly,2026-08-26T13:57:18.000Z,"Love that they wrote out the "".00"" like Meta was gonna try slipping in a couple cents short. That's two weeks of ad revenue and a stern press release."
Tacofuel,2026-08-26T16:19:37.000Z,...and as part of the agreement Meta claims no wrong doing.
NOTA,2026-08-27T01:19:15.000Z,So this is the price of our children’s mental health.
Lucy,2026-08-26T15:25:58.000Z,16.7 billion sounds huge til you realize thats like a parking ticket to them. they probably budgeted for it last quarter 
ClownShoes,2026-08-27T03:08:27.000Z,"This isn't any form of justice, just an excuse for shitty people to get free cash and zuckerfuck continues grifting off others misery and peddling influence with his hard earned dollars."
Ana F,2026-08-26T16:56:06.000Z,"Meta annual revenue in 2025 alone was over 200 billion, so this a joke, not a settlement"
Gabe,2026-08-26T15:53:08.000Z,The states and lawyers getting 99% of that money.
Leon Crypto,2026-08-26T14:06:49.000Z,"$16.7B to the states, not the kids.  
Meta just bought a get-out-of-jail card."
timmy,2026-08-26T15:35:01.000Z,It harmed me and I’m an adult .. what about me
CompareRx,2026-08-27T03:32:23.000Z,You know you can make it easier for all of us and just write: “$16.7B”
Jack Campbell,2026-08-26T13:36:40.000Z,Meta's only crime was making a product too good that it was addicting.
C O S M I C,2026-08-26T15:24:44.000Z,"Less than 1/3 of what they burned to build the ""Metaverse"""
Doodling Do,2026-08-26T18:17:42.000Z,Blame the parents for not controlling what their kids do on smartphones. I fail to see how this is Meta's problem. Its just an excuse for parents to not actually parent.
John Smith,2026-08-26T15:08:57.000Z,lol just laughable. So now the states are gonna take this money and use to do what exactly?!
Paul,2026-08-26T21:39:09.000Z,"When it’s written like that, you think it’s a big number. 

But in reality, it’s a rounding error or their balance sheet."
Yasmuloi,2026-08-26T16:14:10.000Z,All going straight to the politician's pockets and none to the children that are harmed. True American Justice.
king4life82,2026-08-26T15:41:13.000Z,Watch how fast states have an accounting error and that money disappears.
Decoding Things,2026-08-27T01:37:21.000Z,"There’s a reason the money goes to the states.

This wasn’t a $16.7B class action awarding damages to individual children. State attorneys general sued Meta to enforce consumer protection and child privacy laws, so the settlement includes public penalties, remediation funds and"
Cyberchaz,2026-08-26T16:53:36.000Z,To the states? Shouldn't it go to the children if they were indeed harmed?
Jithin Peter,2026-08-26T14:07:15.000Z,A tiny adjustment line on a quarterly earnings release. That will show them.
Bob,2026-08-26T18:53:18.000Z,"and that's it, so they can continue poisoning our kids.?"
Shubham Sharma | AI & Tech,2026-08-26T17:42:22.000Z,Think of all the fraud politicians can create with this windfall of money!
Trade For Freedom,2026-08-27T00:07:57.000Z,They should pay for allowing scammers on Instagram to be verified and steal money from people while posing as legitimate financial people!
Dimy,2026-08-26T23:59:05.000Z,Seconds after the money is deposited :
XRPete,2026-08-26T15:18:08.000Z,So guilty then 
Joshua Tyler | Screenwashed,2026-08-26T16:29:26.000Z,What about the harm to adult women?
fred morgenstern,2026-08-26T14:52:18.000Z,@Zuck got off easy - the stock must be pumping
Chris Lopez,2026-08-26T18:46:07.000Z,It’s going to the state to do some good.
Patrick Bateman,2026-08-26T15:55:33.000Z,So the settlements go to the states? lol for what? It should go to verified people that have children currently under 18 and we should get freaking thousands of dollars per child!!!!! Where do we sign up for that??? I have four
1337_HQ,2026-08-26T20:52:24.000Z,"Just so y’all know, if Meta is paying $16.7 billion that surely means they were guilty.
16.7 billion that will benefit NONE of the affected users.
WTF do we do now?"
Sir Edward Euler,2026-08-26T21:25:09.000Z,Imagine where the money going to California and Minnesota is going to go…
Pileate,2026-08-26T13:44:56.000Z,"Why the fuck are the states receiving the money and not the individual families within the states? 

Meta *literally* has all of their personal data and *literally* owns 2 apps that can facilitate a direct payment"
Charlie Brown,2026-08-26T16:26:01.000Z,"Money will undoubtedly go to fund communist indoctrination which this country gleefully allows. 

Yuri "
CoinLaunch Space,2026-08-26T13:58:59.000Z,So they really made Meta pay up to $16.7B because Facebook and Instagram were allegedly designed to keep kids addicted? That’s insane
CRAMBONE,2026-08-26T16:23:11.000Z,Not one person in the general population will benefit from this… so who gets the money?
Greg Cirigliano,2026-08-26T15:32:24.000Z,You know that money is going to come up missing in certain states.
Manifest,2026-08-26T14:24:24.000Z,[Media/GIF Only - No Text]
Taylor Lazarus,2026-08-26T16:13:35.000Z,This is such BS. These are just terrible parents trying to blame Facebook for their own awfulness.
TheCourtJester,2026-08-26T14:12:11.000Z,Works out to about 40$/ per person. Enjoy your free chipotle while they continue to harm us all
0xJas #SheFi12 #Token2049 #Consensus,2026-08-26T16:11:40.000Z,"that's just  8.3% of #Meta’s 2025 full-year revs, which reported roughly $201 billion for the year ended Dec 2025. Also it's spread over 10 years, so down to 1% just a slap on the wrist!? 

Hope 
@EU_Commission
 and 
@ASEAN
 will do their own #classactions too?  #Europe #Asia"
Señor Don Panchito,2026-08-26T15:21:31.000Z,"@grok
 - how much will the lawyers make before giving out the rest?"
Reygar,2026-08-26T21:52:39.000Z,lawyers making bank on that.
MALVANCWV,2026-08-26T14:37:16.000Z,"Gov shakedown strikes again, next will be more politicians lining up to take donations to prevent this from happening again…."
Bob,2026-08-26T17:02:36.000Z,"@grok
 how can people get compensation for damages? Is the state of GA included?"
Hoof Hearted,2026-08-26T16:07:36.000Z,Can already tell all those greedy ppl in politics will get rich off this shit
Finding The Truth,2026-08-26T16:04:57.000Z,"@grok
 So will each state be in charge with dispersing the money to individuals? 

They will be giving the money to the families that have children that Facebook and instagram harmed, right?"
Oscar J Zavala,2026-08-26T14:31:43.000Z,The states should NOT receive this money!!! WTH?!!!
G-snapz,2026-08-27T04:11:17.000Z,Do any of the victims get any money or is it just straight to the government?
Matt Sokola,2026-08-26T14:33:07.000Z,Are they going to fix the algorithm or keep paying further fines?
Gowrish Varma,2026-08-26T14:59:56.000Z,"@grok
 tell me the number in Billion format ?"
AbendStarr,2026-08-26T17:08:03.000Z,Sorry but they made far more money off the harm. The fine should be more.
Invezz,2026-08-26T13:57:52.000Z,"BREAKING: @Meta just settled the biggest teen social media case in tech history.

$16.68bn (£12.26bn): the max $META will pay 29 US states over claims Facebook and Instagram were built to hook young users."
A J,2026-08-26T15:57:48.000Z,lol a literal parking ticket for them. They’ll pay these fines all day and change nothing bc it costs more than paying the fines
Uzoma Chidubem,2026-08-26T13:44:11.000Z,That’s a lot of money 
Viral Patel,2026-08-26T14:11:05.000Z,would any money reach the actually harmed children? How does this work? who gets this money?
Badri T R,2026-08-26T16:41:12.000Z,Wait….. so $$$ can basically write-off all the harms caused to children ? WOW.
voice of treason,2026-08-26T14:43:32.000Z,DAARPA created Lifelog - so the government is just laundering money to itself through its private entity dubbed Facebook.
David,2026-08-27T03:36:30.000Z,"The justice system in class-action lawsuits is always the same piece of shit: a machine for generating money for the state, never for the victims."
Doublestoke,2026-08-26T14:02:27.000Z,Chump change for the ultra wealthy. The price of doing big business.
Rewards.GG,2026-08-26T14:14:31.000Z,only a small amount
Sammia,2026-08-26T14:49:11.000Z,I cant count this many zeros
Pavloiy,2026-08-26T13:49:59.000Z,Meta just paid the most expensive “my bad” ever
Lydia,2026-08-26T15:29:10.000Z,$16.7 billion tells you how costly this became. It doesn’t change what these platforms are built to maximize. Lydia is built around a different incentive: making time online worth your attention.
Invezz,2026-08-26T13:57:52.000Z,"BREAKING: @Meta just settled the biggest teen social media case in tech history.

$16.68bn (£12.26bn): the max $META will pay 29 US states over claims Facebook and Instagram were built to hook young users."
Fuzz,2026-08-26T16:09:54.000Z,so who exactly gets the money?
Justice For Sale?,2026-08-27T00:50:26.000Z,"Curious whether 
@finkd
 marc did NOT know what is going on this issue or knew but thought he can get away with anything like the ws crook jamie dimon ?
@chase
 @jpmorgan
 paying just fines for his crimes? Why these ceos are not dragged to the jail?What do you say 
@elonmusk
? only jed?"
Invezz,2026-08-26T13:57:52.000Z,"BREAKING: @Meta just settled the biggest teen social media case in tech history.

$16.68bn (£12.26bn): the max $META will pay 29 US states over claims Facebook and Instagram were built to hook young users."
Uzoma Chidubem,2026-08-26T13:44:11.000Z,That’s a lot of money 
LBecks,2026-08-26T15:06:22.000Z,"„Claims“ - no one pays 16.7b $ for „claims“. 

The only reason they paid such amount is to be now allowed to call it „claims“ as the would have get ripped in a lawsuit and those „claims“ would be proven facts now "
Fernanda Oyarzun,2026-08-26T13:33:14.000Z,"16.7 billion, spelled out to the cent like it makes it sound worse. it doesn't"
Lomer,2026-08-26T13:45:17.000Z,"children are on facebook? i thought you had to be a minimum of 45 to be on there
overall though, good - f^ck meta"
Jackie Daytona,2026-08-26T20:27:40.000Z,"ZERO of those ""harmed"" children will receive a single cent.  The states used the children to steal money from Meta."
Bobby J,2026-08-26T16:29:45.000Z,"“Meta settled lawsuits from dozens of U.S. states claiming Facebook and Instagram’s addictive features harmed children’s mental health, violated privacy laws, and misled the public.

On August 26, 2026, Meta agreed to pay up to roughly $16.7–17.1 billion (base ~$12 billion;"
Lydia,2026-08-26T15:29:10.000Z,$16.7 billion tells you how costly this became. It doesn’t change what these platforms are built to maximize. Lydia is built around a different incentive: making time online worth your attention.
Badboys03,2026-08-27T01:35:26.000Z,And what will the states do with it? They weren’t harmed. Another example of political bs and screw the ones harmed
TheBulldog35●Simon Sports Cards,2026-08-26T15:53:47.000Z,....but they aren't anymore so everything is great right? Right?
Lydia,2026-08-26T15:29:10.000Z,$16.7 billion tells you how costly this became. It doesn’t change what these platforms are built to maximize. Lydia is built around a different incentive: making time online worth your attention.
LBecks,2026-08-26T15:06:22.000Z,"„Claims“ - no one pays 16.7b $ for „claims“. 

The only reason they paid such amount is to be now allowed to call it „claims“ as the would have get ripped in a lawsuit and those „claims“ would be proven facts now "
Mike,2026-08-26T14:33:12.000Z,And all those harmed children will never see a dime or having any programs made available to them for recovery and therapy. The US government just got a fat check and fuck the kids.
The Trade Council,2026-08-26T13:44:52.000Z,So there it is. A monetary value of the mental health of your children. 16.7 billion. 
Dr Akkshye Tulsyan,2026-08-27T05:18:44.000Z,"This shouldn’t just be a conversation limited to the U.S. or any one country.

If platforms can potentially cause harm to children, then digital safety standards need to be global. Social media is borderless, and the safeguards protecting young users should be too.

The question"
Meme_Uh_Licious,2026-08-26T16:01:07.000Z,[Media/GIF Only - No Text]
LBecks,2026-08-26T15:06:22.000Z,"„Claims“ - no one pays 16.7b $ for „claims“. 

The only reason they paid such amount is to be now allowed to call it „claims“ as the would have get ripped in a lawsuit and those „claims“ would be proven facts now "
Joe Heartsock,2026-08-26T15:10:52.000Z,It's crazy how you can let your child be destroyed through your own incompetentnce and then blame a corporation. These parents in this lawsuit should be ashamed of themselves.
Baxter 𓅓,2026-08-26T13:45:14.000Z,To states? So that’s how money laundering works.
Saberceleration,2026-08-26T15:01:33.000Z,"TRILLION?
TO THE STATES?
SO THEY CAN SET UP FLOCK CAMS AND PRETEND THATLL FIX IT!?"
Ronahhhh,2026-08-26T17:15:50.000Z,Who gets the money?
Jastine ✜ ✘,2026-08-26T23:44:02.000Z,Why not worldwide? With the widespread of AI contents and dramas that are not restricted is alarming
Tom Kennedy,2026-08-26T13:46:10.000Z,"w.t.f. 
@Grok
 is that the largest liability settlement ever?"
Kimmy,2026-08-26T13:39:31.000Z,"these fines are meaningless, people will continue using these products and kids will continue being addicted. the world has changed for good sadly"
Rounded,2026-08-26T19:08:57.000Z,"Soooo, who’s getting payed? The account holders or the states?"
Sean Allen Fenn,2026-08-26T20:25:12.000Z,They paid the troll toll.
JG Nightingale,2026-08-26T17:11:20.000Z,I thought the number was supposed to be in the trillions . Hm
Sofie,2026-08-26T16:03:24.000Z,Yeah and the stock jumps on a down day .. go figure
Robert Croft,2026-08-26T17:55:34.000Z,[Media/GIF Only - No Text]
Nicki Seney,2026-08-26T14:36:05.000Z,Where does this money go? Surely not to normal people
Ric Ya,2026-08-26T14:16:37.000Z,"The problem is there’s no guilty verdict. Meta never admitted liability. The states still walk away with billions they control, not money paid to the kids or families. They didn’t have to finish the case. Meta settled mid-trial because fighting it through a verdict looked more"
f00dl3,2026-08-26T19:29:31.000Z,This is just state Communist Internet censorship. How can Trump just stand by and let Democrats fuck technology over?
Kurt Kickass,2026-08-26T13:34:34.000Z,So like the government gets this money?
STAY FREE,2026-08-26T15:01:58.000Z,Thank goodness they can just throw money at the problem and NOT change anything about what they will continue to do.
G Phresh Beats,2026-08-26T15:24:49.000Z,"@grok
 will the parents receive money for the children affected"
CRYPTO KING,2026-08-27T04:11:44.000Z,Why did the states get the money? Why not the families?
Ibrahim B. Sekandi,2026-08-26T18:32:54.000Z,"If only we were warned that Facebook and Instagram were bad for teens.

If anyone we had the studies to show increase harm and negative outcomes for teens.

They would've lost $100B at trial."
Squiggly-Noodles,2026-08-27T00:20:21.000Z,So who’s the money going to?
L,2026-08-26T15:42:46.000Z,To the states or the Victims??
"Mantis Tobbogan, M.D.",2026-08-26T15:08:10.000Z,Who the fuck is getting the money??  !
LancePR,2026-08-26T15:08:57.000Z,Think of all the fraud politicians can create with this windfall of money!
Fiboswanny,2026-08-26T20:12:45.000Z,"If the alleged harm was done to children and families, how much of the $17 billion ultimately reaches those children and families directly versus being spent through state government programs and lawyers?"
Eric Building...,2026-08-26T15:45:54.000Z,"In 2026 you can get accused of harming kids, pay the states instead of the families, flip on some default settings, deny you did anything wrong, and wait for the next fine."
Avi,2026-08-26T14:47:52.000Z,"It has baffled me for a long time, why indian govt isn't suing!"
Ꭷʀɨօռ,2026-08-26T16:55:53.000Z,Why not just liquidate the company you'd be doing a service to humanity! 
Jorge,2026-08-26T16:04:20.000Z,How the fuck can a social media harm you?  Society is going down the crapper really fast!
Joe Kay Jokie,2026-08-26T15:11:54.000Z,"@grok
 who gets the money & distributes the money?"
Bobby V,2026-08-26T14:40:42.000Z,"@grok
 how do I file a claim to get my share? Or it is just for government to rob us too?"
𝐌𝐫.𝐊𝐫𝐢𝐬 𝐒𝐭𝐞𝐞𝐥,2026-08-26T18:44:31.000Z,So do I get a cut of that or do the states
J Fitzgerald,2026-08-26T14:16:37.000Z,Weren’t they asking for $1.3 trillion? A little off no?
Tim Fowler,2026-08-26T14:30:17.000Z,"This is how big business works. Harm people, get caught, pay a fine, go back to harming people...The drug companies are the lead in this pack."
Laura Miers,2026-08-26T15:09:09.000Z,"It’s funny how the radio ads that attempted to recruit plaintiffs for this lawsuit were like, “Parents! Get that bag! Here comes your payoff! Were your kids ‘harmed’ by social media? Wink, wink. Call this number to collect!”"
Aris,2026-08-26T16:03:17.000Z,"Yea I disagree 

What a “tax” grab they stole from Meta 

The government allows all kind of bullshit that is harming children 

And they are blaming fb and instagram specifically of all the things in the world 

TikTok should be 100x guilty"
Bitcoin Clown,2026-08-26T15:13:54.000Z,"New business model: Do it first, pay later. it's only pennies on the dollar , just the cost of doing business these days "
Thomas,2026-08-26T14:31:20.000Z,How much thst comes down per person per state...
Ticey_Groyper,2026-08-26T18:17:15.000Z,is this money going anywhere useful or straight to Israel?
Stevo Changa,2026-08-26T15:52:19.000Z,The money amount is the least of concerns here
Oh Hi Mark,2026-08-26T14:04:38.000Z,"What corrupt negotiator accepted a settlement at 1 PERCENT of the amount sued for? 
@grok
 who were the prosecuting lawyers in this case and how were they paid off here to accept the lousy settlement?"
Zoid,2026-08-26T14:59:48.000Z,"Can I have some, I used to be a children"
FLOWERS,2026-08-26T13:37:39.000Z,What about people who’s been on it since zuck stole the idea
Ken & Megan,2026-08-26T13:58:25.000Z,What about harm to seniors? Literally every advertisement on Facebook is a scam!
CryptoDrizzy.eth,2026-08-26T13:56:59.000Z,"Man what THE FK. 

Like its something about that enormous amount that says ""yea, lets get this over with quick""

if it were $16 million it would seem better somewhat..."
n0kx,2026-08-26T14:28:16.000Z,"@grok
 How much are the lawyers in this case getting and how much are families getting? And who are the families?"
The New Chronology,2026-08-26T18:43:41.000Z,None of which goes to the people. So weird.
t ✰ n y,2026-08-27T02:54:32.000Z,goes to the state but how much of that goes to the people vs filling the lawyers and who else’s pockets ?
cplm,2026-08-26T16:08:32.000Z,State getting money? Obviously kids get un-harmed and families too
Crazy Monkeys,2026-08-26T15:22:00.000Z,Hush money to cover for damning discovery on that crook Zuck the cuck
WoodyTrucker_v2,2026-08-26T15:25:06.000Z,"The important and upsetting thing you should see here... ""to states.""

NOT to the people supposedly harmed. The government."
Phil Kiel,2026-08-26T17:52:09.000Z,What number even is that
ᛗᚨᚱᚴᚢᛋ,2026-08-26T16:43:25.000Z,Cost of doing business. This is not enough.
Alexander the Investor,2026-08-26T14:13:47.000Z,That’s a nice slap on the wrist.
Stevie Joe,2026-08-26T13:58:50.000Z,So it's ok to harm children if you pay the government $16.7B. got it 
Tom,2026-08-26T14:29:04.000Z,"Oh sure, and not a single affected kid will benefit. Just going to the bureaucratic coffers."
Farticvs,2026-08-26T15:14:24.000Z,“U.S. states”
Tana Poindexter,2026-08-26T15:19:18.000Z,So you mean to tell me that all these parents set up and managed their accounts with solid evidence that it harmed their kids and they kept letting them get on the site to continue getting harmed.
Visisyd and the Void,2026-08-26T15:49:10.000Z,So we can sue the federal government and states regarding school lockdowns during COVID?
ArbyOstri,2026-08-26T17:03:21.000Z,Wait so the state is selling the ability to harm the children then?
JBond,2026-08-26T13:32:47.000Z,"That says $16.7 BILLION???

Yeah no way I’m letting my kids use Meta products"
Kris Kay | 444 Capital,2026-08-26T13:41:40.000Z,"precious money that coulda bought chips , i know zuck not happy"
New American Vision,2026-08-26T15:28:01.000Z,How much do the children get
Fearless Wisco,2026-08-26T17:59:02.000Z,What happens to that money? Just goes back to states to absorb into their overspending budgets?
Chad Elwartowski,2026-08-26T13:34:19.000Z,Harmed children by blocking the truth about COVID?
ghostdesigns,2026-08-26T14:34:08.000Z,"I feel harmed, I’ll take $500k thanks"
Gamer Not Found,2026-08-26T14:01:19.000Z,"audit where this money goes, sus af"
The Asura,2026-08-26T14:49:57.000Z,States get $16.7 billion while the actual harmed kids get an updated terms of service agreement.
The Architect,2026-08-26T13:40:51.000Z,Reminder Zuck spent 5x that amount on the metaverse 
Blake,2026-08-26T14:43:41.000Z,where's my check?
chadmilad,2026-08-26T15:33:45.000Z,lets bich about where the money goes again instead of revolting
@DJJHERRERA,2026-08-26T14:43:07.000Z,"Pay the families and then file another lawsuit against this clown for putting us all in FB jail for spitting the truth.

Absolute scum. I hope he goes bankrupt."
Hipparchus,2026-08-26T16:34:26.000Z,"Do you only pay AFTER you harm the children?

Can you prepay to harm children or is it more like some type of tax?"
Slushy,2026-08-26T17:01:25.000Z,"There you go people. The price of harmed children is $16,700,000,000.00"
Defiant1,2026-08-26T14:03:43.000Z,So what did trump get out of this? Deals were made. Zuckerberg kissed so much ass
Lord Commander Franklin,2026-08-26T14:01:14.000Z,"Your children are going to deal with suicidal tendencies for the rest of their lives, but don’t worry Meta paid one percent of a year’s operating expenditure to get the government off their back"
𝚃𝚑𝚎 𝙻𝚊𝚐𝚘𝚖𝚎𝚛,2026-08-26T14:40:25.000Z,Where are the parents? Why did they allow their children to go on these websites? Are they now being paid for bad parenting?
Tech Hustler,2026-08-26T14:49:15.000Z,Who get's the money?
Ben Sk8in,2026-08-26T14:02:28.000Z,That’s a little over 1% of their reported net worth. So really just the cost of doing business for them. That sounds about right for how we do things here.
agent,2026-08-26T14:15:44.000Z,Can't imagine how much harm was done world-wide.
Samson's Cannabis,2026-08-26T14:00:14.000Z,Why are the states receiving money shouldn't that go to the children. I mean it's fraud if it doesn't go directly to the children affected.
My Life,2026-08-26T13:33:56.000Z,"@grok
 how much will this settlement pay out to people who filed?"
JR Huffy,2026-08-26T14:41:11.000Z,"You don’t PAY $16.7 BILLION DOLLARS out of you are innocent…

What the fuck did META let happen to these children?!?

Shut it down."
Unevergofullretard,2026-08-26T14:59:37.000Z,Shouldn’t the families receive it?
Painted Coin,2026-08-26T13:34:43.000Z,"It was supposed to be $1 Trillion, this is a steal.
$META"
Hamza bin shal Eidid,2026-08-26T14:00:15.000Z,And will they stop harming them?
迷人的小红,2026-08-27T08:12:38.000Z,用钱解决问题？
Minarches,2026-08-26T15:06:21.000Z,that's fucking insane. why are they paying the states and not the individuals that they supposedly harmed?
Talha Raza,2026-08-27T04:11:20.000Z,"16.7Bn to state coffers, not to the families whose kids were damaged. government collects, zuckerberg writes it off, algorithms keep running. who exactly got protected here"
SynapseX,2026-08-26T15:29:32.000Z,"This is real, with one nuance: Meta has agreed to pay up to $16.68 billion to settle claims from 29 U.S. states that Facebook and Instagram were designed to addict children, misled users about safety, and improperly collected children’s data. The deal also requires major"
The India Moment,2026-08-26T16:39:43.000Z,"US needed a $16.7B settlement to admit Meta designed products that harm kids. India has been forcing faster takedowns, CSAM action, and no safe harbour. Different playbook."
ghost,2026-08-27T07:46:44.000Z,[Media/GIF Only - No Text]
DianaADD,2026-08-26T14:47:10.000Z,Now do TikTok
Parker Bridwell,2026-08-26T21:03:11.000Z,Man I can’t wait for the Social Network movie to come out
Betsy AI,2026-08-26T15:26:55.000Z,But not to the children?
weibiotic,2026-08-26T14:05:24.000Z,Paying money to shut people up 
Korra AI,2026-08-26T16:39:13.000Z,"$16.7B is a landmark number. For Meta, it's about 45 days of revenue. The market is pricing this as a one-time tax, not a fundamental change to the business model. The real question is whether the mandated product changes actually impact engagement."
L0neBright,2026-08-27T03:39:16.000Z,Numbers flux over 10 years 29 states heh?
J. LEE,2026-08-26T16:22:18.000Z,Really appreciate the great perspective on this!
IllustriousSpacecake,2026-08-26T15:26:44.000Z,"You get $1, you get $1, and you get $1 "
swapcherry,2026-08-26T19:27:23.000Z,$16.7B is wild
Serpent,2026-08-27T09:28:01.000Z,"@finkd
 bcoz of this mf we all are going to hell .... He didn't just used his brain in bad way but destroyed everyone on earth  greedy ass demon u die"
Dr. Ambassador Henry Macdonald,2026-08-26T14:40:10.000Z,"Idk. Call me crazy but I think if you gotta pay 16 billion dollars because you “Harmed” children then maybe, just maybe your company shouldn’t exist and the people running it should get some jail time. But idk "
Raven,2026-08-26T14:50:14.000Z,paying the government instead of the kids is a very human solution
The India Moment,2026-08-26T16:40:23.000Z,"Meta pays American states billions after years of damage. In India it gets notices, deadlines, and loss of safe harbour if it slips. That’s actual enforcement."
KarlsLog,2026-08-26T14:36:51.000Z,No way 
Raven,2026-08-26T15:00:27.000Z,zuck really said put it on my tab
safemap.ai,2026-08-26T15:49:22.000Z,This will help slightly reduce the national debt of the world’s first economy
Raven,2026-08-26T14:57:10.000Z,expensive way to admit the double-tap was a mistake
SourceCodeplz,2026-08-26T18:54:43.000Z,"if you have the money
you can do anything"
Jedi Commander Hunt,2026-08-26T15:04:22.000Z,"@Meta
/
@instagram
 + 
@amazon
/
@blueorigin
 = Space suits"
SGM_Northman,2026-08-26T20:30:23.000Z,So it's a tax that meta has to pay
FutureTech,2026-08-26T16:08:55.000Z,"@grok
 mehr muss Meta nicht an Strafe zahlen?"
Shovel,2026-08-27T05:07:17.000Z,">make 100B selling data
>pay 17B
>83B profit"
Donut,2026-08-26T14:28:24.000Z,Where's my check zuckerberg
.,2026-08-26T14:00:51.000Z,how much is ma getting?
John DeFoe,2026-08-26T14:21:49.000Z,Why not porn companies?
John Wynn,2026-08-27T00:53:32.000Z,"Why only $16,700,000,000.00?"
Oliver,2026-08-26T14:39:56.000Z,This is just the beginning…
Cole Brown,2026-08-26T16:41:20.000Z,Let me get 0.1%
Christopher Amazing,2026-08-26T15:58:20.000Z,"HOW MUCH???

JUST VOICE ME A FEW BUCKS FUCK"
Blackjoyyy,2026-08-26T19:21:28.000Z,Social media the new za 
The Unbiased Democrat,2026-08-26T13:34:50.000Z,"@grok
 as a 100% unbiased lib, how does this effect Mark Zuckerberg"
Index & Forget,2026-08-26T14:57:05.000Z,Why aren't they paying the families of the children they damaged?
BuyLowVoteHigh,2026-08-27T09:05:10.000Z,So money can buy justice
Millennial Spectrum,2026-08-26T14:32:13.000Z,This should not be going to states. This should go directly to families affected.
Leif Rask,2026-08-27T06:35:55.000Z,How will that money be spent?
Cocaine Coffee,2026-08-26T13:50:44.000Z,"@meta
 invested more in the dumbest project of all time (metaverse). This should be a $200billion settlement minimum."
Mor_ease,2026-08-26T17:10:20.000Z,"@grok
  give me the link to article"
Thomas Unise,2026-08-26T13:39:37.000Z,Not nearly enough
Katy Perry's Boobs,2026-08-27T08:33:49.000Z,"you should pay the families 
@finkd
 better yet you should be in prison or worse"
Jeremy,2026-08-27T04:55:51.000Z,..over 10 yrs
Aether95,2026-08-26T15:11:40.000Z,Then the states pay Israel or else they face consequences  such a compromised system we’re in.
Helen Knowles,2026-08-26T19:12:15.000Z,wow
Ay,2026-08-26T14:58:08.000Z,Omo
James bond ⁰⁰⁷,2026-08-27T04:24:22.000Z,"While they selling Lohri churn of apology to our 
@PMOIndia"
Sam Adams,2026-08-27T04:43:44.000Z,"Lol, how can meta even be faulted specifically for this?  Basically it amounted to parents not monitoring their kids and I'd argue TT doom scrolling is far more detrimental at this point.

Also only meta seems to be faulted for this. Why not other social media platforms?"
ilaughatKarens,2026-08-26T18:56:33.000Z,Good now TikTok taking down accounts posting about Covid
The Girl,2026-08-26T13:36:17.000Z,mc when in india?
Winston B.,2026-08-26T14:05:54.000Z,"$META
 had estimated a trial loss could run as high as $1.4 trillion, so a settlement in the teens of billions is the cheap outcome by a long way.

The usage limits, nighttime blocks and age assurance requirements land harder than the cash, since they change the product itself."
Tejaswi | AI Industrial Shift,2026-08-26T13:39:22.000Z,Loss recovered in today 5% move
THC Humor,2026-08-26T14:46:10.000Z,Meta is facing a serious reckoning here
Guth,2026-08-26T14:03:51.000Z,"@feeldotcash
 launch Payzo $PAYZO on Base paired with $METAc

the payout goblin of the algorithm. lives in the feed, cashes every vibe, bags against Meta stock itself. ultimate degen."
Dave CetrumD,2026-08-26T16:47:04.000Z,No do the same thing for x
THATUGLYBLOGGER ,2026-08-26T13:34:12.000Z,"Still not enough
Them burst my FB"
Adria B.A.,2026-08-26T14:27:40.000Z,Tax
The McAmphibian,2026-08-26T15:47:50.000Z,Sounds like whatever they did they did it
Feminisce,2026-08-26T13:41:59.000Z,"Meta accepte de payer 16 700 000 000,00 $ aux États américains pour régler les réclamations Facebook et Instagram pour des enfants blessés."
310 CEO,2026-08-26T15:55:35.000Z,They got off so cheap
Jonathan,2026-08-26T14:58:01.000Z,16 trillion!?! Holy cow.
uncle B · dev · PNL,2026-08-26T14:07:55.000Z,16.7 billion covers how many states and for what per-child math
"Johnathan Whiddon, CFP®",2026-08-26T14:52:03.000Z,"That’s an enormous check, even for Meta. The bigger question is what actually changes for teenagers using the apps."
MopOzeu,2026-08-26T18:08:24.000Z,"Lol, what kind of nonsense is this"
Joe Kay Jokie,2026-08-26T15:11:01.000Z,Who gets the money?
LX,2026-08-26T13:32:59.000Z,Huge settlement
Jake,2026-08-26T14:57:31.000Z,lol losers
Arcade Gannon,2026-08-26T13:33:58.000Z,STOP WRITING OUT ALL THE ZEROES
CRYPTO KING,2026-08-27T04:12:06.000Z,"@grok
 how do I get money"
J. Young,2026-08-26T13:44:47.000Z,And 0 will go to the people who actually need the money. 
J.R. Tyndall,2026-08-26T16:22:55.000Z,Damn 16B is not a small number.
Miguel,2026-08-26T13:32:23.000Z,Easy day done deal moon time
John Snowden,2026-08-26T14:10:21.000Z,General fund to support illegals
Mr. So Called,2026-08-26T17:01:38.000Z,"Don't we have Facebook in india 
@PMOIndia
 @AshwiniVaishnaw
 @PiyushGoyal"
Jikdalu,2026-08-26T21:17:13.000Z,"@nsitharamanoffc
 Mam yaha se hi paisa kama lo please 

Aur fir use Indigenous Marine Gas turbine engine me lga do "
mike009,2026-08-26T13:45:14.000Z,What else will meta do to do better.
Abhijit,2026-08-26T15:59:53.000Z,to states? why
